{
  "IcoMoonType": "selection",
  "icons": [
    {
      "icon": {
        "paths": [
          "M896 213.333h-170.667v-42.667c0-72.533-55.467-128-128-128h-170.667c-72.533 0-128 55.467-128 128v42.667h-170.667c-25.6 0-42.667 17.067-42.667 42.667s17.067 42.667 42.667 42.667h42.667v554.667c0 72.533 55.467 128 128 128h426.667c72.533 0 128-55.467 128-128v-554.667h42.667c25.6 0 42.667-17.067 42.667-42.667s-17.067-42.667-42.667-42.667zM384 170.667c0-25.6 17.067-42.667 42.667-42.667h170.667c25.6 0 42.667 17.067 42.667 42.667v42.667h-256v-42.667zM768 853.333c0 25.6-17.067 42.667-42.667 42.667h-426.667c-25.6 0-42.667-17.067-42.667-42.667v-554.667h512v554.667z",
          "M426.667 426.667c-25.6 0-42.667 17.067-42.667 42.667v256c0 25.6 17.067 42.667 42.667 42.667s42.667-17.067 42.667-42.667v-256c0-25.6-17.067-42.667-42.667-42.667z",
          "M597.333 426.667c-25.6 0-42.667 17.067-42.667 42.667v256c0 25.6 17.067 42.667 42.667 42.667s42.667-17.067 42.667-42.667v-256c0-25.6-17.067-42.667-42.667-42.667z"
        ],
        "attrs": [
          {},
          {},
          {}
        ],
        "isMulticolor": false,
        "isMulticolor2": false,
        "tags": [
          "trash-2"
        ],
        "grid": 24
      },
      "attrs": [
        {},
        {},
        {}
      ],
      "properties": {
        "order": 1,
        "id": 0,
        "prevSize": 24,
        "code": 59649,
        "name": "trash-2"
      },
      "setIdx": 0,
      "setId": 1,
      "iconIdx": 0
    },
    {
      "icon": {
        "paths": [
          "M384 448v-256h-128v256h-256v128h256v256h128v-256h256v-128h-256z"
        ],
        "attrs": [
          {}
        ],
        "width": 640,
        "isMulticolor": false,
        "isMulticolor2": false,
        "tags": [
          "plus"
        ],
        "grid": 16
      },
      "attrs": [
        {}
      ],
      "properties": {
        "order": 1,
        "id": 0,
        "prevSize": 32,
        "code": 59648,
        "name": "plus"
      },
      "setIdx": 1,
      "setId": 0,
      "iconIdx": 0
    }
  ],
  "height": 1024,
  "metadata": {
    "name": "icomoon"
  },
  "preferences": {
    "showGlyphs": true,
    "showCodes": true,
    "showQuickUse": true,
    "showQuickUse2": true,
    "showSVGs": true,
    "fontPref": {
      "prefix": "icon-",
      "metadata": {
        "fontFamily": "icomoon"
      },
      "metrics": {
        "emSize": 1024,
        "baseline": 6.25,
        "whitespace": 50
      },
      "embed": false
    },
    "imagePref": {
      "prefix": "icon-",
      "png": true,
      "useClassSelector": true,
      "color": 0,
      "bgColor": 16777215
    },
    "historySize": 50
  }
}